{
  "balance_sheet": {
    "2025-03-31 00:00:00": {
      "Treasury Shares Number": "0",
      "Ordinary Shares Number": "659481003.0",
      "Share Issued": "659481003.0",
      "Net Debt": "28607000000.0",
      "Total Debt": "36600000000.0",
      "Tangible Book Value": "-10641000000.0",
      "Invested Capital": "24934000000.0",
      "Working Capital": "-12509000000.0",
      "Net Tangible Assets": "-10641000000.0",
      "Capital Lease Obligations": "7158000000.0",
      "Common Stock Equity": "-4508000000.0",
      "Total Capitalization": "20205000000.0",
      "Total Equity Gross Minority Interest": "-4508000000.0",
      "Stockholders Equity": "-4508000000.0",
      "Gains Losses Not Affecting Retained Earnings": "-4547000000.0",
      "Other Equity Adjustments": "-4547000000.0",
      "Retained Earnings": "-7316000000.0",
      "Additional Paid In Capital": "7348000000.0",
      "Capital Stock": "7000000.0",
      "Common Stock": "7000000.0",
      "Total Liabilities Net Minority Interest": "67117000000.0",
      "Total Non Current Liabilities Net Minority Interest": "41005000000.0",
      "Other Non Current Liabilities": "1653000000.0",
      "Employee Benefits": "1869000000.0",
      "Non Current Pension And Other Postretirement Benefit Plans": "1869000000.0",
      "Non Current Deferred Liabilities": "6708000000.0",
      "Non Current Deferred Revenue": "6708000000.0",
      "Long Term Debt And Capital Lease Obligation": "30775000000.0",
      "Long Term Capital Lease Obligation": "6062000000.0",
      "Long Term Debt": "24713000000.0",
      "Current Liabilities": "26112000000.0",
      "Current Deferred Liabilities": "12595000000.0",
      "Current Deferred Revenue": "12595000000.0",
      "Current Debt And Capital Lease Obligation": "5825000000.0",
      "Current Capital Lease Obligation": "1096000000.0",
      "Current Debt": "4729000000.0",
      "Other Current Borrowings": "4729000000.0",
      "Payables And Accrued Expenses": "7692000000.0",
      "Current Accrued Expenses": "4578000000.0",
      "Payables": "3114000000.0",
      "Accounts Payable": "3114000000.0",
      "Total Assets": "62609000000.0",
      "Total Non Current Assets": "49006000000.0",
      "Other Non Current Assets": "1461000000.0",
      "Non Current Deferred Assets": "2655000000.0",
      "Non Current Deferred Taxes Assets": "2655000000.0",
      "Goodwill And Other Intangible Assets": "6133000000.0",
      "Other Intangible Assets": "2042000000.0",
      "Goodwill": "4091000000.0",
      "Net PPE": "38757000000.0",
      "Accumulated Depreciation": "-23792000000.0",
      "Gross PPE": "62549000000.0",
      "Construction In Progress": "1063000000.0",
      "Other Properties": "7442000000.0",
      "Land And Improvements": "10306000000.0",
      "Current Assets": "13603000000.0",
      "Other Current Assets": "909000000.0",
      "Restricted Cash": "647000000.0",
      "Inventory": "2653000000.0",
      "Receivables": "1928000000.0",
      "Accounts Receivable": "1928000000.0",
      "Cash Cash Equivalents And Short Term Investments": "7466000000.0",
      "Other Short Term Investments": "6631000000.0",
      "Cash And Cash Equivalents": "835000000.0",
      "Cash Financial": "835000000.0"
    },
    "2024-12-31 00:00:00": {
      "Treasury Shares Number": "0",
      "Ordinary Shares Number": "657566166.0",
      "Share Issued": "657566166.0",
      "Net Debt": "29672000000.0",
      "Total Debt": "37544000000.0",
      "Tangible Book Value": "-10112000000.0",
      "Invested Capital": "26499000000.0",
      "Working Capital": "-11141000000.0",
      "Net Tangible Assets": "-10112000000.0",
      "Capital Lease Obligations": "7068000000.0",
      "Common Stock Equity": "-3977000000.0",
      "Total Capitalization": "21177000000.0",
      "Total Equity Gross Minority Interest": "-3977000000.0",
      "Stockholders Equity": "-3977000000.0",
      "Gains Losses Not Affecting Retained Earnings": "-4565000000.0",
      "Other Equity Adjustments": "-4565000000.0",
      "Retained Earnings": "-6843000000.0",
      "Additional Paid In Capital": "7424000000.0",
      "Capital Stock": "7000000.0",
      "Common Stock": "7000000.0",
      "Total Liabilities Net Minority Interest": "65760000000.0",
      "Total Non Current Liabilities Net Minority Interest": "41465000000.0",
      "Other Non Current Liabilities": "1709000000.0",
      "Employee Benefits": "2128000000.0",
      "Non Current Pension And Other Postretirement Benefit Plans": "2128000000.0",
      "Non Current Deferred Liabilities": "6498000000.0",
      "Non Current Deferred Revenue": "6498000000.0",
      "Long Term Debt And Capital Lease Obligation": "31130000000.0",
      "Long Term Capital Lease Obligation": "5976000000.0",
      "Long Term Debt": "25154000000.0",
      "Current Liabilities": "24295000000.0",
      "Current Deferred Liabilities": "10315000000.0",
      "Current Deferred Revenue": "10315000000.0",
      "Current Debt And Capital Lease Obligation": "6414000000.0",
      "Current Capital Lease Obligation": "1092000000.0",
      "Current Debt": "5322000000.0",
      "Other Current Borrowings": "5322000000.0",
      "Payables And Accrued Expenses": "7566000000.0",
      "Current Accrued Expenses": "5111000000.0",
      "Payables": "2455000000.0",
      "Accounts Payable": "2455000000.0",
      "Total Assets": "61783000000.0",
      "Total Non Current Assets": "48629000000.0",
      "Other Non Current Assets": "1549000000.0",
      "Non Current Deferred Assets": "2485000000.0",
      "Non Current Deferred Taxes Assets": "2485000000.0",
      "Goodwill And Other Intangible Assets": "6135000000.0",
      "Other Intangible Assets": "2044000000.0",
      "Goodwill": "4091000000.0",
      "Net PPE": "38460000000.0",
      "Accumulated Depreciation": "-23608000000.0",
      "Gross PPE": "62068000000.0",
      "Construction In Progress": "1012000000.0",
      "Other Properties": "7333000000.0",
      "Land And Improvements": "10202000000.0",
      "Current Assets": "13154000000.0",
      "Other Current Assets": "794000000.0",
      "Restricted Cash": "732000000.0",
      "Inventory": "2638000000.0",
      "Receivables": "2006000000.0",
      "Accounts Receivable": "2006000000.0",
      "Cash Cash Equivalents And Short Term Investments": "6984000000.0",
      "Other Short Term Investments": "6180000000.0",
      "Cash And Cash Equivalents": "804000000.0",
      "Cash Financial": "804000000.0"
    },
    "2024-09-30 00:00:00": {
      "Treasury Shares Number": "0",
      "Ordinary Shares Number": "657102842.0",
      "Share Issued": "657102842.0",
      "Net Debt": "30818000000.0",
      "Total Debt": "39173000000.0",
      "Tangible Book Value": "-10991000000.0",
      "Invested Capital": "26798000000.0",
      "Working Capital": "-11076000000.0",
      "Net Tangible Assets": "-10991000000.0",
      "Capital Lease Obligations": "7521000000.0",
      "Common Stock Equity": "-4854000000.0",
      "Total Capitalization": "21414000000.0",
      "Total Equity Gross Minority Interest": "-4854000000.0",
      "Stockholders Equity": "-4854000000.0",
      "Gains Losses Not Affecting Retained Earnings": "-4835000000.0",
      "Other Equity Adjustments": "-4835000000.0",
      "Retained Earnings": "-7433000000.0",
      "Additional Paid In Capital": "7407000000.0",
      "Capital Stock": "7000000.0",
      "Common Stock": "7000000.0",
      "Total Liabilities Net Minority Interest": "68382000000.0",
      "Total Non Current Liabilities Net Minority Interest": "42850000000.0",
      "Other Non Current Liabilities": "1631000000.0",
      "Employee Benefits": "2568000000.0",
      "Non Current Pension And Other Postretirement Benefit Plans": "2568000000.0",
      "Non Current Deferred Liabilities": "6035000000.0",
      "Non Current Deferred Revenue": "6035000000.0",
      "Long Term Debt And Capital Lease Obligation": "32616000000.0",
      "Long Term Capital Lease Obligation": "6348000000.0",
      "Long Term Debt": "26268000000.0",
      "Current Liabilities": "25532000000.0",
      "Current Deferred Liabilities": "11135000000.0",
      "Current Deferred Revenue": "11135000000.0",
      "Current Debt And Capital Lease Obligation": "6557000000.0",
      "Current Capital Lease Obligation": "1173000000.0",
      "Current Debt": "5384000000.0",
      "Other Current Borrowings": "5384000000.0",
      "Payables And Accrued Expenses": "7840000000.0",
      "Current Accrued Expenses": "5217000000.0",
      "Payables": "2623000000.0",
      "Accounts Payable": "2623000000.0",
      "Total Assets": "63528000000.0",
      "Total Non Current Assets": "49072000000.0",
      "Other Non Current Assets": "1612000000.0",
      "Non Current Deferred Assets": "2768000000.0",
      "Non Current Deferred Taxes Assets": "2768000000.0",
      "Goodwill And Other Intangible Assets": "6137000000.0",
      "Other Intangible Assets": "2046000000.0",
      "Goodwill": "4091000000.0",
      "Net PPE": "38555000000.0",
      "Accumulated Depreciation": "-23467000000.0",
      "Gross PPE": "62022000000.0",
      "Construction In Progress": "1098000000.0",
      "Other Properties": "7709000000.0",
      "Land And Improvements": "10105000000.0",
      "Current Assets": "14456000000.0",
      "Other Current Assets": "830000000.0",
      "Restricted Cash": "752000000.0",
      "Inventory": "2582000000.0",
      "Receivables": "1820000000.0",
      "Accounts Receivable": "1820000000.0",
      "Cash Cash Equivalents And Short Term Investments": "8472000000.0",
      "Other Short Term Investments": "7638000000.0",
      "Cash And Cash Equivalents": "834000000.0",
      "Cash Financial": "834000000.0"
    },
    "2024-06-30 00:00:00": {
      "Treasury Shares Number": "0",
      "Ordinary Shares Number": "656607802.0",
      "Share Issued": "656607802.0",
      "Net Debt": "31151000000.0",
      "Total Debt": "39447000000.0",
      "Tangible Book Value": "-10884000000.0",
      "Invested Capital": "27010000000.0",
      "Working Capital": "-9815000000.0",
      "Net Tangible Assets": "-10884000000.0",
      "Capital Lease Obligations": "7691000000.0",
      "Common Stock Equity": "-4746000000.0",
      "Total Capitalization": "22890000000.0",
      "Total Equity Gross Minority Interest": "-4746000000.0",
      "Stockholders Equity": "-4746000000.0",
      "Gains Losses Not Affecting Retained Earnings": "-4858000000.0",
      "Other Equity Adjustments": "-4858000000.0",
      "Retained Earnings": "-7284000000.0",
      "Additional Paid In Capital": "7389000000.0",
      "Capital Stock": "7000000.0",
      "Common Stock": "7000000.0",
      "Total Liabilities Net Minority Interest": "68871000000.0",
      "Total Non Current Liabilities Net Minority Interest": "44261000000.0",
      "Other Non Current Liabilities": "1460000000.0",
      "Employee Benefits": "2652000000.0",
      "Non Current Pension And Other Postretirement Benefit Plans": "2652000000.0",
      "Non Current Deferred Liabilities": "6031000000.0",
      "Non Current Deferred Revenue": "6031000000.0",
      "Long Term Debt And Capital Lease Obligation": "34118000000.0",
      "Long Term Capital Lease Obligation": "6482000000.0",
      "Long Term Debt": "27636000000.0",
      "Current Liabilities": "24610000000.0",
      "Current Deferred Liabilities": "11649000000.0",
      "Current Deferred Revenue": "11649000000.0",
      "Current Debt And Capital Lease Obligation": "5329000000.0",
      "Current Capital Lease Obligation": "1209000000.0",
      "Current Debt": "4120000000.0",
      "Other Current Borrowings": "4120000000.0",
      "Payables And Accrued Expenses": "7632000000.0",
      "Current Accrued Expenses": "4616000000.0",
      "Payables": "3016000000.0",
      "Accounts Payable": "3016000000.0",
      "Total Assets": "64125000000.0",
      "Total Non Current Assets": "49330000000.0",
      "Other Non Current Assets": "1607000000.0",
      "Non Current Deferred Assets": "2668000000.0",
      "Non Current Deferred Taxes Assets": "2668000000.0",
      "Goodwill And Other Intangible Assets": "6138000000.0",
      "Other Intangible Assets": "2047000000.0",
      "Goodwill": "4091000000.0",
      "Net PPE": "38917000000.0",
      "Accumulated Depreciation": "-22958000000.0",
      "Gross PPE": "61875000000.0",
      "Construction In Progress": "1052000000.0",
      "Other Properties": "7873000000.0",
      "Land And Improvements": "10198000000.0",
      "Current Assets": "14795000000.0",
      "Other Current Assets": "832000000.0",
      "Restricted Cash": "875000000.0",
      "Inventory": "2575000000.0",
      "Receivables": "2067000000.0",
      "Accounts Receivable": "2067000000.0",
      "Cash Cash Equivalents And Short Term Investments": "8446000000.0",
      "Other Short Term Investments": "7841000000.0",
      "Cash And Cash Equivalents": "605000000.0",
      "Cash Financial": "605000000.0"
    },
    "2024-03-31 00:00:00": {
      "Treasury Shares Number": "0",
      "Ordinary Shares Number": "656045635.0",
      "Share Issued": "656045635.0",
      "Net Debt": "31726000000.0",
      "Total Debt": "40060000000.0",
      "Tangible Book Value": "-11640000000.0",
      "Invested Capital": "26830000000.0",
      "Working Capital": "-10451000000.0",
      "Net Tangible Assets": "-11640000000.0",
      "Capital Lease Obligations": "7730000000.0",
      "Common Stock Equity": "-5500000000.0",
      "Total Capitalization": "22728000000.0",
      "Total Equity Gross Minority Interest": "-5500000000.0",
      "Stockholders Equity": "-5500000000.0",
      "Gains Losses Not Affecting Retained Earnings": "-4877000000.0",
      "Other Equity Adjustments": "-4877000000.0",
      "Retained Earnings": "-8001000000.0",
      "Additional Paid In Capital": "7371000000.0",
      "Capital Stock": "7000000.0",
      "Common Stock": "7000000.0",
      "Total Liabilities Net Minority Interest": "69884000000.0",
      "Total Non Current Liabilities Net Minority Interest": "44891000000.0",
      "Other Non Current Liabilities": "1503000000.0",
      "Employee Benefits": "2709000000.0",
      "Non Current Pension And Other Postretirement Benefit Plans": "2709000000.0",
      "Non Current Deferred Liabilities": "5994000000.0",
      "Non Current Deferred Revenue": "5994000000.0",
      "Long Term Debt And Capital Lease Obligation": "34685000000.0",
      "Long Term Capital Lease Obligation": "6457000000.0",
      "Long Term Debt": "28228000000.0",
      "Current Liabilities": "24993000000.0",
      "Current Deferred Liabilities": "12144000000.0",
      "Current Deferred Revenue": "12144000000.0",
      "Current Debt And Capital Lease Obligation": "5375000000.0",
      "Current Capital Lease Obligation": "1273000000.0",
      "Current Debt": "4102000000.0",
      "Other Current Borrowings": "4102000000.0",
      "Payables And Accrued Expenses": "7474000000.0",
      "Current Accrued Expenses": "4547000000.0",
      "Payables": "2927000000.0",
      "Accounts Payable": "2927000000.0",
      "Total Assets": "64384000000.0",
      "Total Non Current Assets": "49842000000.0",
      "Other Non Current Assets": "1660000000.0",
      "Non Current Deferred Assets": "2986000000.0",
      "Non Current Deferred Taxes Assets": "2986000000.0",
      "Goodwill And Other Intangible Assets": "6140000000.0",
      "Other Intangible Assets": "2049000000.0",
      "Goodwill": "4091000000.0",
      "Net PPE": "39056000000.0",
      "Accumulated Depreciation": "-22440000000.0",
      "Gross PPE": "61496000000.0",
      "Construction In Progress": "1126000000.0",
      "Other Properties": "7899000000.0",
      "Land And Improvements": "10397000000.0",
      "Current Assets": "14542000000.0",
      "Other Current Assets": "777000000.0",
      "Restricted Cash": "895000000.0",
      "Inventory": "2500000000.0",
      "Receivables": "2070000000.0",
      "Accounts Receivable": "2070000000.0",
      "Cash Cash Equivalents And Short Term Investments": "8300000000.0",
      "Other Short Term Investments": "7696000000.0",
      "Cash And Cash Equivalents": "604000000.0",
      "Cash Financial": "604000000.0"
    },
    "2023-12-31 00:00:00": {
      "Treasury Shares Number": "0.0",
      "Ordinary Shares Number": "0",
      "Share Issued": "0",
      "Net Debt": "0",
      "Total Debt": "0",
      "Tangible Book Value": "0",
      "Invested Capital": "0",
      "Working Capital": "0",
      "Net Tangible Assets": "0",
      "Capital Lease Obligations": "0",
      "Common Stock Equity": "0",
      "Total Capitalization": "0",
      "Total Equity Gross Minority Interest": "0",
      "Stockholders Equity": "0",
      "Gains Losses Not Affecting Retained Earnings": "0",
      "Other Equity Adjustments": "0",
      "Retained Earnings": "0",
      "Additional Paid In Capital": "0",
      "Capital Stock": "0",
      "Common Stock": "0",
      "Total Liabilities Net Minority Interest": "0",
      "Total Non Current Liabilities Net Minority Interest": "0",
      "Other Non Current Liabilities": "0",
      "Employee Benefits": "0",
      "Non Current Pension And Other Postretirement Benefit Plans": "0",
      "Non Current Deferred Liabilities": "0",
      "Non Current Deferred Revenue": "0",
      "Long Term Debt And Capital Lease Obligation": "0",
      "Long Term Capital Lease Obligation": "0",
      "Long Term Debt": "0",
      "Current Liabilities": "0",
      "Current Deferred Liabilities": "0",
      "Current Deferred Revenue": "0",
      "Current Debt And Capital Lease Obligation": "0",
      "Current Capital Lease Obligation": "0",
      "Current Debt": "0",
      "Other Current Borrowings": "0",
      "Payables And Accrued Expenses": "0",
      "Current Accrued Expenses": "0",
      "Payables": "0",
      "Accounts Payable": "0",
      "Total Assets": "0",
      "Total Non Current Assets": "0",
      "Other Non Current Assets": "0",
      "Non Current Deferred Assets": "0",
      "Non Current Deferred Taxes Assets": "0",
      "Goodwill And Other Intangible Assets": "0",
      "Other Intangible Assets": "0",
      "Goodwill": "0",
      "Net PPE": "0",
      "Accumulated Depreciation": "0",
      "Gross PPE": "0",
      "Construction In Progress": "0",
      "Other Properties": "0",
      "Land And Improvements": "0",
      "Current Assets": "0",
      "Other Current Assets": "0",
      "Restricted Cash": "0",
      "Inventory": "0",
      "Receivables": "0",
      "Accounts Receivable": "0",
      "Cash Cash Equivalents And Short Term Investments": "0",
      "Other Short Term Investments": "0",
      "Cash And Cash Equivalents": "0",
      "Cash Financial": "0"
    }
  },
  "income_statement": {
    "2025-03-31 00:00:00": {
      "Tax Effect Of Unusual Items": "-18904320.987654",
      "Tax Rate For Calcs": "0.270062",
      "Normalized EBITDA": "-150000000.0",
      "Total Unusual Items": "-70000000.0",
      "Total Unusual Items Excluding Goodwill": "-70000000.0",
      "Net Income From Continuing Operation Net Minority Interest": "-473000000.0",
      "Reconciled Cost Of Revenue": "10673000000.0",
      "EBITDA": "-220000000.0",
      "EBIT": "-220000000.0",
      "Net Interest Income": "-334000000.0",
      "Interest Expense": "428000000.0",
      "Interest Income": "94000000.0",
      "Normalized Income": "-421904320.987654",
      "Net Income From Continuing And Discontinued Operation": "-473000000.0",
      "Total Expenses": "12751000000.0",
      "Rent Expense Supplemental": "1123000000.0",
      "Total Operating Income As Reported": "-270000000.0",
      "Diluted Average Shares": "658880000.0",
      "Basic Average Shares": "658880000.0",
      "Diluted EPS": "-0.72",
      "Basic EPS": "-0.72",
      "Diluted NI Availto Com Stockholders": "-473000000.0",
      "Average Dilution Earnings": "0",
      "Net Income Common Stockholders": "-473000000.0",
      "Net Income": "-473000000.0",
      "Net Income Including Noncontrolling Interests": "-473000000.0",
      "Net Income Continuous Operations": "-473000000.0",
      "Tax Provision": "-175000000.0",
      "Pretax Income": "-648000000.0",
      "Other Income Expense": "-114000000.0",
      "Other Non Operating Income Expenses": "-44000000.0",
      "Special Income Charges": "-70000000.0",
      "Other Special Charges": "66000000.0",
      "Impairment Of Capital Assets": "0",
      "Restructuring And Mergern Acquisition": "4000000.0",
      "Net Non Operating Interest Income Expense": "-334000000.0",
      "Interest Expense Non Operating": "428000000.0",
      "Interest Income Non Operating": "94000000.0",
      "Operating Income": "-200000000.0",
      "Operating Expense": "2078000000.0",
      "Other Operating Expenses": "1628000000.0",
      "Selling General And Administration": "450000000.0",
      "Selling And Marketing Expense": "450000000.0",
      "Gross Profit": "1878000000.0",
      "Cost Of Revenue": "10673000000.0",
      "Total Revenue": "12551000000.0",
      "Operating Revenue": "11580000000.0"
    },
    "2024-12-31 00:00:00": {
      "Tax Effect Of Unusual Items": "3867924.528302",
      "Tax Rate For Calcs": "0.257862",
      "Normalized EBITDA": "1250000000.0",
      "Total Unusual Items": "15000000.0",
      "Total Unusual Items Excluding Goodwill": "15000000.0",
      "Net Income From Continuing Operation Net Minority Interest": "590000000.0",
      "Reconciled Cost Of Revenue": "10474000000.0",
      "EBITDA": "1265000000.0",
      "EBIT": "1265000000.0",
      "Net Interest Income": "-365000000.0",
      "Interest Expense": "470000000.0",
      "Interest Income": "105000000.0",
      "Normalized Income": "578867924.528302",
      "Net Income From Continuing And Discontinued Operation": "590000000.0",
      "Total Expenses": "12541000000.0",
      "Rent Expense Supplemental": "1086000000.0",
      "Total Operating Income As Reported": "1134000000.0",
      "Diluted Average Shares": "723690000.0",
      "Basic Average Shares": "657746000.0",
      "Diluted EPS": "0.84",
      "Basic EPS": "0.9",
      "Diluted NI Availto Com Stockholders": "590000000.0",
      "Average Dilution Earnings": "0",
      "Net Income Common Stockholders": "590000000.0",
      "Net Income": "590000000.0",
      "Net Income Including Noncontrolling Interests": "590000000.0",
      "Net Income Continuous Operations": "590000000.0",
      "Tax Provision": "205000000.0",
      "Pretax Income": "795000000.0",
      "Other Income Expense": "41000000.0",
      "Other Non Operating Income Expenses": "26000000.0",
      "Special Income Charges": "15000000.0",
      "Other Special Charges": "27000000.0",
      "Impairment Of Capital Assets": "0",
      "Restructuring And Mergern Acquisition": "0.0",
      "Net Non Operating Interest Income Expense": "-365000000.0",
      "Interest Expense Non Operating": "470000000.0",
      "Interest Income Non Operating": "105000000.0",
      "Operating Income": "1119000000.0",
      "Operating Expense": "2067000000.0",
      "Other Operating Expenses": "1586000000.0",
      "Selling General And Administration": "481000000.0",
      "Selling And Marketing Expense": "481000000.0",
      "Gross Profit": "3186000000.0",
      "Cost Of Revenue": "10474000000.0",
      "Total Revenue": "13660000000.0",
      "Operating Revenue": "12622000000.0"
    },
    "2024-09-30 00:00:00": {
      "Tax Effect Of Unusual Items": "-116340000.0",
      "Tax Rate For Calcs": "0.21",
      "Normalized EBITDA": "778000000.0",
      "Total Unusual Items": "-554000000.0",
      "Total Unusual Items Excluding Goodwill": "-554000000.0",
      "Net Income From Continuing Operation Net Minority Interest": "-149000000.0",
      "Reconciled Cost Of Revenue": "10868000000.0",
      "EBITDA": "224000000.0",
      "EBIT": "224000000.0",
      "Net Interest Income": "-363000000.0",
      "Interest Expense": "480000000.0",
      "Interest Income": "117000000.0",
      "Normalized Income": "288660000.0",
      "Net Income From Continuing And Discontinued Operation": "-149000000.0",
      "Total Expenses": "13004000000.0",
      "Rent Expense Supplemental": "1164000000.0",
      "Total Operating Income As Reported": "89000000.0",
      "Diluted Average Shares": "657424000.0",
      "Basic Average Shares": "657424000.0",
      "Diluted EPS": "-0.23",
      "Basic EPS": "-0.23",
      "Diluted NI Availto Com Stockholders": "-149000000.0",
      "Average Dilution Earnings": "0.0",
      "Net Income Common Stockholders": "-149000000.0",
      "Net Income": "-149000000.0",
      "Net Income Including Noncontrolling Interests": "-149000000.0",
      "Net Income Continuous Operations": "-149000000.0",
      "Tax Provision": "-107000000.0",
      "Pretax Income": "-256000000.0",
      "Other Income Expense": "-536000000.0",
      "Other Non Operating Income Expenses": "18000000.0",
      "Special Income Charges": "-554000000.0",
      "Other Special Charges": "554000000.0",
      "Impairment Of Capital Assets": "0",
      "Restructuring And Mergern Acquisition": "0.0",
      "Net Non Operating Interest Income Expense": "-363000000.0",
      "Interest Expense Non Operating": "480000000.0",
      "Interest Income Non Operating": "117000000.0",
      "Operating Income": "643000000.0",
      "Operating Expense": "2136000000.0",
      "Other Operating Expenses": "1668000000.0",
      "Selling General And Administration": "468000000.0",
      "Selling And Marketing Expense": "468000000.0",
      "Gross Profit": "2779000000.0",
      "Cost Of Revenue": "10868000000.0",
      "Total Revenue": "13647000000.0",
      "Operating Revenue": "12725000000.0"
    },
    "2024-06-30 00:00:00": {
      "Tax Effect Of Unusual Items": "0.0",
      "Tax Rate For Calcs": "0.302529",
      "Normalized EBITDA": "1514000000.0",
      "Total Unusual Items": "0.0",
      "Total Unusual Items Excluding Goodwill": "0.0",
      "Net Income From Continuing Operation Net Minority Interest": "717000000.0",
      "Reconciled Cost Of Revenue": "10854000000.0",
      "EBITDA": "1514000000.0",
      "EBIT": "1514000000.0",
      "Net Interest Income": "-358000000.0",
      "Interest Expense": "486000000.0",
      "Interest Income": "128000000.0",
      "Normalized Income": "717000000.0",
      "Net Income From Continuing And Discontinued Operation": "717000000.0",
      "Total Expenses": "12950000000.0",
      "Rent Expense Supplemental": "1148000000.0",
      "Total Operating Income As Reported": "1384000000.0",
      "Diluted Average Shares": "720302000.0",
      "Basic Average Shares": "656965000.0",
      "Diluted EPS": "1.01",
      "Basic EPS": "1.09",
      "Diluted NI Availto Com Stockholders": "717000000.0",
      "Average Dilution Earnings": "0",
      "Net Income Common Stockholders": "717000000.0",
      "Net Income": "717000000.0",
      "Net Income Including Noncontrolling Interests": "717000000.0",
      "Net Income Continuous Operations": "717000000.0",
      "Tax Provision": "311000000.0",
      "Pretax Income": "1028000000.0",
      "Other Income Expense": "2000000.0",
      "Other Non Operating Income Expenses": "2000000.0",
      "Special Income Charges": "0.0",
      "Other Special Charges": "0",
      "Impairment Of Capital Assets": "0",
      "Restructuring And Mergern Acquisition": "0.0",
      "Net Non Operating Interest Income Expense": "-358000000.0",
      "Interest Expense Non Operating": "486000000.0",
      "Interest Income Non Operating": "128000000.0",
      "Operating Income": "1384000000.0",
      "Operating Expense": "2096000000.0",
      "Other Operating Expenses": "1640000000.0",
      "Selling General And Administration": "456000000.0",
      "Selling And Marketing Expense": "456000000.0",
      "Gross Profit": "3480000000.0",
      "Cost Of Revenue": "10854000000.0",
      "Total Revenue": "14334000000.0",
      "Operating Revenue": "13397000000.0"
    },
    "2024-03-31 00:00:00": {
      "Tax Effect Of Unusual Items": "-17118644.067797",
      "Tax Rate For Calcs": "0.244552",
      "Normalized EBITDA": "154000000.0",
      "Total Unusual Items": "-70000000.0",
      "Total Unusual Items Excluding Goodwill": "-70000000.0",
      "Net Income From Continuing Operation Net Minority Interest": "-312000000.0",
      "Reconciled Cost Of Revenue": "10549000000.0",
      "EBITDA": "84000000.0",
      "EBIT": "84000000.0",
      "Net Interest Income": "-379000000.0",
      "Interest Expense": "497000000.0",
      "Interest Income": "118000000.0",
      "Normalized Income": "-259118644.067797",
      "Net Income From Continuing And Discontinued Operation": "-312000000.0",
      "Total Expenses": "12493000000.0",
      "Rent Expense Supplemental": "1147000000.0",
      "Total Operating Income As Reported": "7000000.0",
      "Diluted Average Shares": "655847000.0",
      "Basic Average Shares": "655847000.0",
      "Diluted EPS": "-0.48",
      "Basic EPS": "-0.48",
      "Diluted NI Availto Com Stockholders": "-312000000.0",
      "Average Dilution Earnings": "0",
      "Net Income Common Stockholders": "-312000000.0",
      "Net Income": "-312000000.0",
      "Net Income Including Noncontrolling Interests": "-312000000.0",
      "Net Income Continuous Operations": "-312000000.0",
      "Tax Provision": "-101000000.0",
      "Pretax Income": "-413000000.0",
      "Other Income Expense": "-111000000.0",
      "Other Non Operating Income Expenses": "-41000000.0",
      "Special Income Charges": "-70000000.0",
      "Other Special Charges": "57000000.0",
      "Impairment Of Capital Assets": "0",
      "Restructuring And Mergern Acquisition": "13000000.0",
      "Net Non Operating Interest Income Expense": "-379000000.0",
      "Interest Expense Non Operating": "497000000.0",
      "Interest Income Non Operating": "118000000.0",
      "Operating Income": "77000000.0",
      "Operating Expense": "1944000000.0",
      "Other Operating Expenses": "1536000000.0",
      "Selling General And Administration": "408000000.0",
      "Selling And Marketing Expense": "408000000.0",
      "Gross Profit": "2021000000.0",
      "Cost Of Revenue": "10549000000.0",
      "Total Revenue": "12570000000.0",
      "Operating Revenue": "11645000000.0"
    },
    "2023-12-31 00:00:00": {
      "Tax Effect Of Unusual Items": "0",
      "Tax Rate For Calcs": "0",
      "Normalized EBITDA": "0",
      "Total Unusual Items": "0",
      "Total Unusual Items Excluding Goodwill": "0",
      "Net Income From Continuing Operation Net Minority Interest": "0",
      "Reconciled Cost Of Revenue": "0",
      "EBITDA": "0",
      "EBIT": "0",
      "Net Interest Income": "0",
      "Interest Expense": "0",
      "Interest Income": "0",
      "Normalized Income": "0",
      "Net Income From Continuing And Discontinued Operation": "0",
      "Total Expenses": "0",
      "Rent Expense Supplemental": "0",
      "Total Operating Income As Reported": "0",
      "Diluted Average Shares": "0",
      "Basic Average Shares": "0",
      "Diluted EPS": "0",
      "Basic EPS": "0",
      "Diluted NI Availto Com Stockholders": "0",
      "Average Dilution Earnings": "0",
      "Net Income Common Stockholders": "0",
      "Net Income": "0",
      "Net Income Including Noncontrolling Interests": "0",
      "Net Income Continuous Operations": "0",
      "Tax Provision": "0",
      "Pretax Income": "0",
      "Other Income Expense": "0",
      "Other Non Operating Income Expenses": "0",
      "Special Income Charges": "0",
      "Other Special Charges": "7000000.0",
      "Impairment Of Capital Assets": "0.0",
      "Restructuring And Mergern Acquisition": "0",
      "Net Non Operating Interest Income Expense": "0",
      "Interest Expense Non Operating": "0",
      "Interest Income Non Operating": "0",
      "Operating Income": "0",
      "Operating Expense": "0",
      "Other Operating Expenses": "0",
      "Selling General And Administration": "0",
      "Selling And Marketing Expense": "0",
      "Gross Profit": "0",
      "Cost Of Revenue": "0",
      "Total Revenue": "0",
      "Operating Revenue": "0"
    },
    "2023-09-30 00:00:00": {
      "Tax Effect Of Unusual Items": "0",
      "Tax Rate For Calcs": "0",
      "Normalized EBITDA": "0",
      "Total Unusual Items": "0",
      "Total Unusual Items Excluding Goodwill": "0",
      "Net Income From Continuing Operation Net Minority Interest": "0",
      "Reconciled Cost Of Revenue": "0",
      "EBITDA": "0",
      "EBIT": "0",
      "Net Interest Income": "0",
      "Interest Expense": "0",
      "Interest Income": "0",
      "Normalized Income": "0",
      "Net Income From Continuing And Discontinued Operation": "0",
      "Total Expenses": "0",
      "Rent Expense Supplemental": "0",
      "Total Operating Income As Reported": "0",
      "Diluted Average Shares": "0",
      "Basic Average Shares": "0",
      "Diluted EPS": "0",
      "Basic EPS": "0",
      "Diluted NI Availto Com Stockholders": "0",
      "Average Dilution Earnings": "0.0",
      "Net Income Common Stockholders": "0",
      "Net Income": "0",
      "Net Income Including Noncontrolling Interests": "0",
      "Net Income Continuous Operations": "0",
      "Tax Provision": "0",
      "Pretax Income": "0",
      "Other Income Expense": "0",
      "Other Non Operating Income Expenses": "0",
      "Special Income Charges": "0",
      "Other Special Charges": "0",
      "Impairment Of Capital Assets": "0.0",
      "Restructuring And Mergern Acquisition": "0",
      "Net Non Operating Interest Income Expense": "0",
      "Interest Expense Non Operating": "0",
      "Interest Income Non Operating": "0",
      "Operating Income": "0",
      "Operating Expense": "0",
      "Other Operating Expenses": "0",
      "Selling General And Administration": "0",
      "Selling And Marketing Expense": "0",
      "Gross Profit": "0",
      "Cost Of Revenue": "0",
      "Total Revenue": "0",
      "Operating Revenue": "0"
    }
  }
}