[
  {
    "period_end": "2024-03-31 00:00:00",
    "total_assets": "64384000000.0",
    "current_assets": "14542000000.0",
    "current_liabilities": "24993000000.0",
    "retained_earnings": "-8001000000.0",
    "total_liabilities": "69884000000.0",
    "market_value_equity": "-5500000000.0",
    "ebit": "84000000.0",
    "sales": "12570000000.0",
    "field_mapping": "{\"total_assets\": {\"canonical_field\": \"total_assets\", \"mapped_raw_field\": \"Total Assets\", \"value\": \"64384000000.0\", \"missing\": false}, \"current_assets\": {\"canonical_field\": \"current_assets\", \"mapped_raw_field\": \"Current Assets\", \"value\": \"14542000000.0\", \"missing\": false}, \"current_liabilities\": {\"canonical_field\": \"current_liabilities\", \"mapped_raw_field\": \"Current Liabilities\", \"value\": \"24993000000.0\", \"missing\": false}, \"retained_earnings\": {\"canonical_field\": \"retained_earnings\", \"mapped_raw_field\": \"Retained Earnings\", \"value\": \"-8001000000.0\", \"missing\": false}, \"total_liabilities\": {\"canonical_field\": \"total_liabilities\", \"mapped_raw_field\": \"Total Liabilities Net Minority Interest\", \"value\": \"69884000000.0\", \"missing\": false}, \"market_value_equity\": {\"canonical_field\": \"market_value_equity\", \"mapped_raw_field\": \"Stockholders Equity\", \"value\": \"-5500000000.0\", \"missing\": false}, \"ebit\": {\"canonical_field\": \"ebit\", \"mapped_raw_field\": \"EBIT\", \"value\": \"84000000.0\", \"missing\": false}, \"sales\": {\"canonical_field\": \"sales\", \"mapped_raw_field\": \"Total Revenue\", \"value\": \"12570000000.0\", \"missing\": false}}"
  },
  {
    "period_end": "2024-06-30 00:00:00",
    "total_assets": "64125000000.0",
    "current_assets": "14795000000.0",
    "current_liabilities": "24610000000.0",
    "retained_earnings": "-7284000000.0",
    "total_liabilities": "68871000000.0",
    "market_value_equity": "-4746000000.0",
    "ebit": "1514000000.0",
    "sales": "14334000000.0",
    "field_mapping": "{\"total_assets\": {\"canonical_field\": \"total_assets\", \"mapped_raw_field\": \"Total Assets\", \"value\": \"64125000000.0\", \"missing\": false}, \"current_assets\": {\"canonical_field\": \"current_assets\", \"mapped_raw_field\": \"Current Assets\", \"value\": \"14795000000.0\", \"missing\": false}, \"current_liabilities\": {\"canonical_field\": \"current_liabilities\", \"mapped_raw_field\": \"Current Liabilities\", \"value\": \"24610000000.0\", \"missing\": false}, \"retained_earnings\": {\"canonical_field\": \"retained_earnings\", \"mapped_raw_field\": \"Retained Earnings\", \"value\": \"-7284000000.0\", \"missing\": false}, \"total_liabilities\": {\"canonical_field\": \"total_liabilities\", \"mapped_raw_field\": \"Total Liabilities Net Minority Interest\", \"value\": \"68871000000.0\", \"missing\": false}, \"market_value_equity\": {\"canonical_field\": \"market_value_equity\", \"mapped_raw_field\": \"Stockholders Equity\", \"value\": \"-4746000000.0\", \"missing\": false}, \"ebit\": {\"canonical_field\": \"ebit\", \"mapped_raw_field\": \"EBIT\", \"value\": \"1514000000.0\", \"missing\": false}, \"sales\": {\"canonical_field\": \"sales\", \"mapped_raw_field\": \"Total Revenue\", \"value\": \"14334000000.0\", \"missing\": false}}"
  },
  {
    "period_end": "2024-09-30 00:00:00",
    "total_assets": "63528000000.0",
    "current_assets": "14456000000.0",
    "current_liabilities": "25532000000.0",
    "retained_earnings": "-7433000000.0",
    "total_liabilities": "68382000000.0",
    "market_value_equity": "-4854000000.0",
    "ebit": "224000000.0",
    "sales": "13647000000.0",
    "field_mapping": "{\"total_assets\": {\"canonical_field\": \"total_assets\", \"mapped_raw_field\": \"Total Assets\", \"value\": \"63528000000.0\", \"missing\": false}, \"current_assets\": {\"canonical_field\": \"current_assets\", \"mapped_raw_field\": \"Current Assets\", \"value\": \"14456000000.0\", \"missing\": false}, \"current_liabilities\": {\"canonical_field\": \"current_liabilities\", \"mapped_raw_field\": \"Current Liabilities\", \"value\": \"25532000000.0\", \"missing\": false}, \"retained_earnings\": {\"canonical_field\": \"retained_earnings\", \"mapped_raw_field\": \"Retained Earnings\", \"value\": \"-7433000000.0\", \"missing\": false}, \"total_liabilities\": {\"canonical_field\": \"total_liabilities\", \"mapped_raw_field\": \"Total Liabilities Net Minority Interest\", \"value\": \"68382000000.0\", \"missing\": false}, \"market_value_equity\": {\"canonical_field\": \"market_value_equity\", \"mapped_raw_field\": \"Stockholders Equity\", \"value\": \"-4854000000.0\", \"missing\": false}, \"ebit\": {\"canonical_field\": \"ebit\", \"mapped_raw_field\": \"EBIT\", \"value\": \"224000000.0\", \"missing\": false}, \"sales\": {\"canonical_field\": \"sales\", \"mapped_raw_field\": \"Total Revenue\", \"value\": \"13647000000.0\", \"missing\": false}}"
  },
  {
    "period_end": "2024-12-31 00:00:00",
    "total_assets": "61783000000.0",
    "current_assets": "13154000000.0",
    "current_liabilities": "24295000000.0",
    "retained_earnings": "-6843000000.0",
    "total_liabilities": "65760000000.0",
    "market_value_equity": "-3977000000.0",
    "ebit": "1265000000.0",
    "sales": "13660000000.0",
    "field_mapping": "{\"total_assets\": {\"canonical_field\": \"total_assets\", \"mapped_raw_field\": \"Total Assets\", \"value\": \"61783000000.0\", \"missing\": false}, \"current_assets\": {\"canonical_field\": \"current_assets\", \"mapped_raw_field\": \"Current Assets\", \"value\": \"13154000000.0\", \"missing\": false}, \"current_liabilities\": {\"canonical_field\": \"current_liabilities\", \"mapped_raw_field\": \"Current Liabilities\", \"value\": \"24295000000.0\", \"missing\": false}, \"retained_earnings\": {\"canonical_field\": \"retained_earnings\", \"mapped_raw_field\": \"Retained Earnings\", \"value\": \"-6843000000.0\", \"missing\": false}, \"total_liabilities\": {\"canonical_field\": \"total_liabilities\", \"mapped_raw_field\": \"Total Liabilities Net Minority Interest\", \"value\": \"65760000000.0\", \"missing\": false}, \"market_value_equity\": {\"canonical_field\": \"market_value_equity\", \"mapped_raw_field\": \"Stockholders Equity\", \"value\": \"-3977000000.0\", \"missing\": false}, \"ebit\": {\"canonical_field\": \"ebit\", \"mapped_raw_field\": \"EBIT\", \"value\": \"1265000000.0\", \"missing\": false}, \"sales\": {\"canonical_field\": \"sales\", \"mapped_raw_field\": \"Total Revenue\", \"value\": \"13660000000.0\", \"missing\": false}}"
  },
  {
    "period_end": "2025-03-31 00:00:00",
    "total_assets": "62609000000.0",
    "current_assets": "13603000000.0",
    "current_liabilities": "26112000000.0",
    "retained_earnings": "-7316000000.0",
    "total_liabilities": "67117000000.0",
    "market_value_equity": "-4508000000.0",
    "ebit": "-220000000.0",
    "sales": "12551000000.0",
    "field_mapping": "{\"total_assets\": {\"canonical_field\": \"total_assets\", \"mapped_raw_field\": \"Total Assets\", \"value\": \"62609000000.0\", \"missing\": false}, \"current_assets\": {\"canonical_field\": \"current_assets\", \"mapped_raw_field\": \"Current Assets\", \"value\": \"13603000000.0\", \"missing\": false}, \"current_liabilities\": {\"canonical_field\": \"current_liabilities\", \"mapped_raw_field\": \"Current Liabilities\", \"value\": \"26112000000.0\", \"missing\": false}, \"retained_earnings\": {\"canonical_field\": \"retained_earnings\", \"mapped_raw_field\": \"Retained Earnings\", \"value\": \"-7316000000.0\", \"missing\": false}, \"total_liabilities\": {\"canonical_field\": \"total_liabilities\", \"mapped_raw_field\": \"Total Liabilities Net Minority Interest\", \"value\": \"67117000000.0\", \"missing\": false}, \"market_value_equity\": {\"canonical_field\": \"market_value_equity\", \"mapped_raw_field\": \"Stockholders Equity\", \"value\": \"-4508000000.0\", \"missing\": false}, \"ebit\": {\"canonical_field\": \"ebit\", \"mapped_raw_field\": \"EBIT\", \"value\": \"-220000000.0\", \"missing\": false}, \"sales\": {\"canonical_field\": \"sales\", \"mapped_raw_field\": \"Total Revenue\", \"value\": \"12551000000.0\", \"missing\": false}}"
  }
]