[
  {
    "week": "2024-04-01T00:00:00.000",
    "avg_price": 14.3119998932,
    "min_price": 13.7600002289,
    "max_price": 15.4099998474,
    "days_with_data": 5
  },
  {
    "week": "2024-04-08T00:00:00.000",
    "avg_price": 13.6059997559,
    "min_price": 13.1499996185,
    "max_price": 13.9499998093,
    "days_with_data": 5
  },
  {
    "week": "2024-04-15T00:00:00.000",
    "avg_price": 13.5979999542,
    "min_price": 12.9399995804,
    "max_price": 14.1099996567,
    "days_with_data": 5
  },
  {
    "week": "2024-04-22T00:00:00.000",
    "avg_price": 14.1379999161,
    "min_price": 13.8800001144,
    "max_price": 14.529999733,
    "days_with_data": 5
  },
  {
    "week": "2024-04-29T00:00:00.000",
    "avg_price": 13.7559999466,
    "min_price": 13.5100002289,
    "max_price": 13.9799995422,
    "days_with_data": 5
  },
  {
    "week": "2024-05-06T00:00:00.000",
    "avg_price": 14.4399997711,
    "min_price": 14.25,
    "max_price": 14.6499996185,
    "days_with_data": 5
  },
  {
    "week": "2024-05-13T00:00:00.000",
    "avg_price": 14.915999794,
    "min_price": 14.7299995422,
    "max_price": 15.1899995804,
    "days_with_data": 5
  },
  {
    "week": "2024-05-20T00:00:00.000",
    "avg_price": 14.0620000839,
    "min_price": 13.8199996948,
    "max_price": 14.5200004578,
    "days_with_data": 5
  },
  {
    "week": "2024-05-27T00:00:00.000",
    "avg_price": 11.9999997616,
    "min_price": 11.4399995804,
    "max_price": 13.4399995804,
    "days_with_data": 4
  },
  {
    "week": "2024-06-03T00:00:00.000",
    "avg_price": 11.5159999847,
    "min_price": 11.4300003052,
    "max_price": 11.6199998856,
    "days_with_data": 5
  },
  {
    "week": "2024-06-10T00:00:00.000",
    "avg_price": 11.3979997635,
    "min_price": 11.279999733,
    "max_price": 11.5,
    "days_with_data": 5
  },
  {
    "week": "2024-06-17T00:00:00.000",
    "avg_price": 11.2899997234,
    "min_price": 11.1999998093,
    "max_price": 11.4399995804,
    "days_with_data": 4
  },
  {
    "week": "2024-06-24T00:00:00.000",
    "avg_price": 11.2039999008,
    "min_price": 11.1199998856,
    "max_price": 11.3299999237,
    "days_with_data": 5
  },
  {
    "week": "2024-07-01T00:00:00.000",
    "avg_price": 11.0625,
    "min_price": 11.0399999619,
    "max_price": 11.1199998856,
    "days_with_data": 4
  },
  {
    "week": "2024-07-08T00:00:00.000",
    "avg_price": 10.8939998627,
    "min_price": 10.6800003052,
    "max_price": 11.1499996185,
    "days_with_data": 5
  },
  {
    "week": "2024-07-15T00:00:00.000",
    "avg_price": 10.8059999466,
    "min_price": 10.5799999237,
    "max_price": 11.1899995804,
    "days_with_data": 5
  },
  {
    "week": "2024-07-22T00:00:00.000",
    "avg_price": 10.5119998932,
    "min_price": 10.1700000763,
    "max_price": 10.6899995804,
    "days_with_data": 5
  },
  {
    "week": "2024-07-29T00:00:00.000",
    "avg_price": 10.320000267,
    "min_price": 9.6300001144,
    "max_price": 10.7600002289,
    "days_with_data": 5
  },
  {
    "week": "2024-08-05T00:00:00.000",
    "avg_price": 9.5200000763,
    "min_price": 9.2600002289,
    "max_price": 9.8900003433,
    "days_with_data": 5
  },
  {
    "week": "2024-08-12T00:00:00.000",
    "avg_price": 9.8600000381,
    "min_price": 9.6099996567,
    "max_price": 10.0900001526,
    "days_with_data": 5
  },
  {
    "week": "2024-08-19T00:00:00.000",
    "avg_price": 10.3060001373,
    "min_price": 10.1400003433,
    "max_price": 10.3999996185,
    "days_with_data": 5
  },
  {
    "week": "2024-08-26T00:00:00.000",
    "avg_price": 10.3079999924,
    "min_price": 10.1499996185,
    "max_price": 10.6199998856,
    "days_with_data": 5
  },
  {
    "week": "2024-09-02T00:00:00.000",
    "avg_price": 10.7075002193,
    "min_price": 10.6000003815,
    "max_price": 10.8000001907,
    "days_with_data": 4
  },
  {
    "week": "2024-09-09T00:00:00.000",
    "avg_price": 10.9100000381,
    "min_price": 10.6899995804,
    "max_price": 11.220000267,
    "days_with_data": 5
  },
  {
    "week": "2024-09-16T00:00:00.000",
    "avg_price": 11.0260000229,
    "min_price": 10.8100004196,
    "max_price": 11.1700000763,
    "days_with_data": 5
  },
  {
    "week": "2024-09-23T00:00:00.000",
    "avg_price": 11.2739999771,
    "min_price": 10.9799995422,
    "max_price": 11.7899999619,
    "days_with_data": 5
  },
  {
    "week": "2024-09-30T00:00:00.000",
    "avg_price": 11.0419998169,
    "min_price": 10.7399997711,
    "max_price": 11.5100002289,
    "days_with_data": 5
  },
  {
    "week": "2024-10-07T00:00:00.000",
    "avg_price": 11.786000061,
    "min_price": 11.529999733,
    "max_price": 11.9300003052,
    "days_with_data": 5
  },
  {
    "week": "2024-10-14T00:00:00.000",
    "avg_price": 12.5380001068,
    "min_price": 11.8699998856,
    "max_price": 13.0900001526,
    "days_with_data": 5
  },
  {
    "week": "2024-10-21T00:00:00.000",
    "avg_price": 12.9379999161,
    "min_price": 12.779999733,
    "max_price": 13.1499996185,
    "days_with_data": 5
  },
  {
    "week": "2024-10-28T00:00:00.000",
    "avg_price": 13.6599998474,
    "min_price": 13.3999996185,
    "max_price": 13.9399995804,
    "days_with_data": 5
  },
  {
    "week": "2024-11-04T00:00:00.000",
    "avg_price": 13.5219999313,
    "min_price": 12.9899997711,
    "max_price": 14.0,
    "days_with_data": 5
  },
  {
    "week": "2024-11-11T00:00:00.000",
    "avg_price": 14.1460000992,
    "min_price": 13.9099998474,
    "max_price": 14.3900003433,
    "days_with_data": 5
  },
  {
    "week": "2024-11-18T00:00:00.000",
    "avg_price": 14.3319999695,
    "min_price": 14.1999998093,
    "max_price": 14.4600000381,
    "days_with_data": 5
  },
  {
    "week": "2024-11-25T00:00:00.000",
    "avg_price": 14.6800003052,
    "min_price": 14.5200004578,
    "max_price": 14.9200000763,
    "days_with_data": 4
  },
  {
    "week": "2024-12-02T00:00:00.000",
    "avg_price": 15.7479997635,
    "min_price": 14.470000267,
    "max_price": 17.3999996185,
    "days_with_data": 5
  },
  {
    "week": "2024-12-09T00:00:00.000",
    "avg_price": 17.2779998779,
    "min_price": 16.9200000763,
    "max_price": 17.5799999237,
    "days_with_data": 5
  },
  {
    "week": "2024-12-16T00:00:00.000",
    "avg_price": 16.645999527,
    "min_price": 16.4699993134,
    "max_price": 16.8799991608,
    "days_with_data": 5
  },
  {
    "week": "2024-12-23T00:00:00.000",
    "avg_price": 17.3250002861,
    "min_price": 17.25,
    "max_price": 17.3500003815,
    "days_with_data": 4
  },
  {
    "week": "2024-12-30T00:00:00.000",
    "avg_price": 17.2550001144,
    "min_price": 16.9699993134,
    "max_price": 17.6200008392,
    "days_with_data": 4
  },
  {
    "week": "2025-01-06T00:00:00.000",
    "avg_price": 17.7975001335,
    "min_price": 17.5200004578,
    "max_price": 18.3799991608,
    "days_with_data": 4
  },
  {
    "week": "2025-01-13T00:00:00.000",
    "avg_price": 18.0880001068,
    "min_price": 17.6000003815,
    "max_price": 18.2900009155,
    "days_with_data": 5
  },
  {
    "week": "2025-01-20T00:00:00.000",
    "avg_price": 17.822499752,
    "min_price": 16.9599990845,
    "max_price": 18.6599998474,
    "days_with_data": 4
  },
  {
    "week": "2025-01-27T00:00:00.000",
    "avg_price": 17.1,
    "min_price": 16.8999996185,
    "max_price": 17.3299999237,
    "days_with_data": 5
  },
  {
    "week": "2025-02-03T00:00:00.000",
    "avg_price": 16.9459999084,
    "min_price": 16.7000007629,
    "max_price": 17.1700000763,
    "days_with_data": 5
  },
  {
    "week": "2025-02-10T00:00:00.000",
    "avg_price": 16.2000001907,
    "min_price": 15.7399997711,
    "max_price": 16.6200008392,
    "days_with_data": 5
  },
  {
    "week": "2025-02-17T00:00:00.000",
    "avg_price": 15.7924997807,
    "min_price": 15.2299995422,
    "max_price": 16.0799999237,
    "days_with_data": 4
  },
  {
    "week": "2025-02-24T00:00:00.000",
    "avg_price": 14.9000001907,
    "min_price": 14.3500003815,
    "max_price": 15.3100004196,
    "days_with_data": 5
  },
  {
    "week": "2025-03-03T00:00:00.000",
    "avg_price": 13.5180000305,
    "min_price": 13.029999733,
    "max_price": 14.0900001526,
    "days_with_data": 5
  },
  {
    "week": "2025-03-10T00:00:00.000",
    "avg_price": 11.286000061,
    "min_price": 10.6700000763,
    "max_price": 12.5,
    "days_with_data": 5
  },
  {
    "week": "2025-03-17T00:00:00.000",
    "avg_price": 11.3039999008,
    "min_price": 11.0699996948,
    "max_price": 11.4799995422,
    "days_with_data": 5
  },
  {
    "week": "2025-03-24T00:00:00.000",
    "avg_price": 11.3239999771,
    "min_price": 10.6999998093,
    "max_price": 11.8299999237,
    "days_with_data": 5
  },
  {
    "week": "2025-03-31T00:00:00.000",
    "avg_price": 10.0820001602,
    "min_price": 9.4600000381,
    "max_price": 10.5900001526,
    "days_with_data": 5
  },
  {
    "week": "2025-04-07T00:00:00.000",
    "avg_price": 9.8159999847,
    "min_price": 9.0699996948,
    "max_price": 11.1199998856,
    "days_with_data": 5
  },
  {
    "week": "2025-04-14T00:00:00.000",
    "avg_price": 9.5775001049,
    "min_price": 9.4200000763,
    "max_price": 9.8500003815,
    "days_with_data": 4
  },
  {
    "week": "2025-04-21T00:00:00.000",
    "avg_price": 9.4119998932,
    "min_price": 9.0699996948,
    "max_price": 9.75,
    "days_with_data": 5
  },
  {
    "week": "2025-04-28T00:00:00.000",
    "avg_price": 10.05,
    "min_price": 9.8500003815,
    "max_price": 10.5200004578,
    "days_with_data": 5
  },
  {
    "week": "2025-05-05T00:00:00.000",
    "avg_price": 10.7579999924,
    "min_price": 10.4300003052,
    "max_price": 11.1099996567,
    "days_with_data": 5
  },
  {
    "week": "2025-05-12T00:00:00.000",
    "avg_price": 11.886000061,
    "min_price": 11.6700000763,
    "max_price": 12.3000001907,
    "days_with_data": 5
  },
  {
    "week": "2025-05-19T00:00:00.000",
    "avg_price": 11.467999649,
    "min_price": 11.1899995804,
    "max_price": 11.8599996567,
    "days_with_data": 5
  },
  {
    "week": "2025-05-26T00:00:00.000",
    "avg_price": 11.490000089,
    "min_price": 11.3999996185,
    "max_price": 11.6400003433,
    "days_with_data": 3
  }
]