[
  {
    "quarter_end":"2025-03-31 00:00:00",
    "zscore":-1.6063593963,
    "zscore_str":"-1.61",
    "components":{
      "X1":-0.1997955565,
      "X2":-0.1168522097,
      "X3":-0.0035138718,
      "X4":0.1036675019
    },
    "valid":true,
    "error":null,
    "diagnostic":"Distress Zone",
    "validation_summary":"No validation issues.",
    "consistency_warning":null,
    "model":"public_service",
    "api_payload":null,
    "field_mapping":"{\"total_assets\": {\"canonical_field\": \"total_assets\", \"mapped_raw_field\": \"Total Assets\", \"value\": \"62609000000.0\", \"missing\": false}, \"current_assets\": {\"canonical_field\": \"current_assets\", \"mapped_raw_field\": \"Current Assets\", \"value\": \"13603000000.0\", \"missing\": false}, \"current_liabilities\": {\"canonical_field\": \"current_liabilities\", \"mapped_raw_field\": \"Current Liabilities\", \"value\": \"26112000000.0\", \"missing\": false}, \"retained_earnings\": {\"canonical_field\": \"retained_earnings\", \"mapped_raw_field\": \"Retained Earnings\", \"value\": \"-7316000000.0\", \"missing\": false}, \"total_liabilities\": {\"canonical_field\": \"total_liabilities\", \"mapped_raw_field\": \"Total Liabilities Net Minority Interest\", \"value\": \"67117000000.0\", \"missing\": false}, \"market_value_equity\": {\"canonical_field\": \"market_value_equity\", \"mapped_raw_field\": \"Stockholders Equity\", \"value\": \"-4508000000.0\", \"missing\": false}, \"ebit\": {\"canonical_field\": \"ebit\", \"mapped_raw_field\": \"EBIT\", \"value\": \"-220000000.0\", \"missing\": false}, \"sales\": {\"canonical_field\": \"sales\", \"mapped_raw_field\": \"Total Revenue\", \"value\": \"12551000000.0\", \"missing\": false}}"
  },
  {
    "quarter_end":"2024-12-31 00:00:00",
    "zscore":-1.222864669,
    "zscore_str":"-1.22",
    "components":{
      "X1":-0.1803246848,
      "X2":-0.1107586229,
      "X3":0.0204748879,
      "X4":0.1748067877
    },
    "valid":true,
    "error":null,
    "diagnostic":"Distress Zone",
    "validation_summary":"No validation issues.",
    "consistency_warning":null,
    "model":"public_service",
    "api_payload":null,
    "field_mapping":"{\"total_assets\": {\"canonical_field\": \"total_assets\", \"mapped_raw_field\": \"Total Assets\", \"value\": \"61783000000.0\", \"missing\": false}, \"current_assets\": {\"canonical_field\": \"current_assets\", \"mapped_raw_field\": \"Current Assets\", \"value\": \"13154000000.0\", \"missing\": false}, \"current_liabilities\": {\"canonical_field\": \"current_liabilities\", \"mapped_raw_field\": \"Current Liabilities\", \"value\": \"24295000000.0\", \"missing\": false}, \"retained_earnings\": {\"canonical_field\": \"retained_earnings\", \"mapped_raw_field\": \"Retained Earnings\", \"value\": \"-6843000000.0\", \"missing\": false}, \"total_liabilities\": {\"canonical_field\": \"total_liabilities\", \"mapped_raw_field\": \"Total Liabilities Net Minority Interest\", \"value\": \"65760000000.0\", \"missing\": false}, \"market_value_equity\": {\"canonical_field\": \"market_value_equity\", \"mapped_raw_field\": \"Stockholders Equity\", \"value\": \"-3977000000.0\", \"missing\": false}, \"ebit\": {\"canonical_field\": \"ebit\", \"mapped_raw_field\": \"EBIT\", \"value\": \"1265000000.0\", \"missing\": false}, \"sales\": {\"canonical_field\": \"sales\", \"mapped_raw_field\": \"Total Revenue\", \"value\": \"13660000000.0\", \"missing\": false}}"
  },
  {
    "quarter_end":"2024-09-30 00:00:00",
    "zscore":-1.3876370202,
    "zscore_str":"-1.39",
    "components":{
      "X1":-0.1743483189,
      "X2":-0.117003526,
      "X3":0.0035260043,
      "X4":0.1084044738
    },
    "valid":true,
    "error":null,
    "diagnostic":"Distress Zone",
    "validation_summary":"No validation issues.",
    "consistency_warning":null,
    "model":"public_service",
    "api_payload":null,
    "field_mapping":"{\"total_assets\": {\"canonical_field\": \"total_assets\", \"mapped_raw_field\": \"Total Assets\", \"value\": \"63528000000.0\", \"missing\": false}, \"current_assets\": {\"canonical_field\": \"current_assets\", \"mapped_raw_field\": \"Current Assets\", \"value\": \"14456000000.0\", \"missing\": false}, \"current_liabilities\": {\"canonical_field\": \"current_liabilities\", \"mapped_raw_field\": \"Current Liabilities\", \"value\": \"25532000000.0\", \"missing\": false}, \"retained_earnings\": {\"canonical_field\": \"retained_earnings\", \"mapped_raw_field\": \"Retained Earnings\", \"value\": \"-7433000000.0\", \"missing\": false}, \"total_liabilities\": {\"canonical_field\": \"total_liabilities\", \"mapped_raw_field\": \"Total Liabilities Net Minority Interest\", \"value\": \"68382000000.0\", \"missing\": false}, \"market_value_equity\": {\"canonical_field\": \"market_value_equity\", \"mapped_raw_field\": \"Stockholders Equity\", \"value\": \"-4854000000.0\", \"missing\": false}, \"ebit\": {\"canonical_field\": \"ebit\", \"mapped_raw_field\": \"EBIT\", \"value\": \"224000000.0\", \"missing\": false}, \"sales\": {\"canonical_field\": \"sales\", \"mapped_raw_field\": \"Total Revenue\", \"value\": \"13647000000.0\", \"missing\": false}}"
  },
  {
    "quarter_end":"2024-06-30 00:00:00",
    "zscore":-1.1018003394,
    "zscore_str":"-1.10",
    "components":{
      "X1":-0.1530604288,
      "X2":-0.1135906433,
      "X3":0.0236101365,
      "X4":0.1084966228
    },
    "valid":true,
    "error":null,
    "diagnostic":"Distress Zone",
    "validation_summary":"No validation issues.",
    "consistency_warning":null,
    "model":"public_service",
    "api_payload":null,
    "field_mapping":"{\"total_assets\": {\"canonical_field\": \"total_assets\", \"mapped_raw_field\": \"Total Assets\", \"value\": \"64125000000.0\", \"missing\": false}, \"current_assets\": {\"canonical_field\": \"current_assets\", \"mapped_raw_field\": \"Current Assets\", \"value\": \"14795000000.0\", \"missing\": false}, \"current_liabilities\": {\"canonical_field\": \"current_liabilities\", \"mapped_raw_field\": \"Current Liabilities\", \"value\": \"24610000000.0\", \"missing\": false}, \"retained_earnings\": {\"canonical_field\": \"retained_earnings\", \"mapped_raw_field\": \"Retained Earnings\", \"value\": \"-7284000000.0\", \"missing\": false}, \"total_liabilities\": {\"canonical_field\": \"total_liabilities\", \"mapped_raw_field\": \"Total Liabilities Net Minority Interest\", \"value\": \"68871000000.0\", \"missing\": false}, \"market_value_equity\": {\"canonical_field\": \"market_value_equity\", \"mapped_raw_field\": \"Stockholders Equity\", \"value\": \"-4746000000.0\", \"missing\": false}, \"ebit\": {\"canonical_field\": \"ebit\", \"mapped_raw_field\": \"EBIT\", \"value\": \"1514000000.0\", \"missing\": false}, \"sales\": {\"canonical_field\": \"sales\", \"mapped_raw_field\": \"Total Revenue\", \"value\": \"14334000000.0\", \"missing\": false}}"
  },
  {
    "quarter_end":"2024-03-31 00:00:00",
    "zscore":-1.3090865888,
    "zscore_str":"-1.31",
    "components":{
      "X1":-0.1623229374,
      "X2":-0.124270005,
      "X3":0.001304672,
      "X4":0.14486162
    },
    "valid":true,
    "error":null,
    "diagnostic":"Distress Zone",
    "validation_summary":"No validation issues.",
    "consistency_warning":null,
    "model":"public_service",
    "api_payload":null,
    "field_mapping":"{\"total_assets\": {\"canonical_field\": \"total_assets\", \"mapped_raw_field\": \"Total Assets\", \"value\": \"64384000000.0\", \"missing\": false}, \"current_assets\": {\"canonical_field\": \"current_assets\", \"mapped_raw_field\": \"Current Assets\", \"value\": \"14542000000.0\", \"missing\": false}, \"current_liabilities\": {\"canonical_field\": \"current_liabilities\", \"mapped_raw_field\": \"Current Liabilities\", \"value\": \"24993000000.0\", \"missing\": false}, \"retained_earnings\": {\"canonical_field\": \"retained_earnings\", \"mapped_raw_field\": \"Retained Earnings\", \"value\": \"-8001000000.0\", \"missing\": false}, \"total_liabilities\": {\"canonical_field\": \"total_liabilities\", \"mapped_raw_field\": \"Total Liabilities Net Minority Interest\", \"value\": \"69884000000.0\", \"missing\": false}, \"market_value_equity\": {\"canonical_field\": \"market_value_equity\", \"mapped_raw_field\": \"Stockholders Equity\", \"value\": \"-5500000000.0\", \"missing\": false}, \"ebit\": {\"canonical_field\": \"ebit\", \"mapped_raw_field\": \"EBIT\", \"value\": \"84000000.0\", \"missing\": false}, \"sales\": {\"canonical_field\": \"sales\", \"mapped_raw_field\": \"Total Revenue\", \"value\": \"12570000000.0\", \"missing\": false}}"
  }
]